"id","condicion","edad","mujer","educacion","confianza_policia","apoyo"
1,"tratamiento",35,0,"primaria",2,2
2,"tratamiento",64,1,"secundaria",4,2
3,"control",29,0,"primaria",1,3
4,"tratamiento",32,1,"secundaria",2,1
5,"control",52,1,"primaria",3,1
6,"control",46,0,"primaria",3,0
7,"control",40,1,"secundaria",4,5
8,"tratamiento",49,1,"secundaria",1,10
9,"control",42,1,"primaria",1,3
10,"tratamiento",34,1,"primaria",4,5
11,"tratamiento",31,1,"primaria",4,4
12,"control",18,1,"secundaria",2,0
13,"control",64,1,"secundaria",4,6
14,"tratamiento",29,1,"terciaria",2,6
15,"tratamiento",28,1,"secundaria",3,3
16,"control",27,1,"terciaria",2,6
17,"control",67,1,"secundaria",5,4
18,"tratamiento",51,0,"terciaria",4,4
19,"control",40,1,"terciaria",5,1
20,"control",39,0,"terciaria",2,4
21,"control",22,0,"primaria",2,2
22,"tratamiento",34,0,"secundaria",5,3
23,"tratamiento",61,0,"terciaria",5,2
24,"control",37,0,"terciaria",3,2
25,"control",53,1,"primaria",1,0
26,"tratamiento",50,1,"secundaria",1,4
27,"control",26,0,"terciaria",5,2
28,"control",53,1,"primaria",4,4
29,"tratamiento",55,0,"terciaria",2,4
30,"tratamiento",47,0,"primaria",3,6
31,"control",29,1,"primaria",4,0
32,"control",21,0,"terciaria",3,2
33,"tratamiento",29,1,"terciaria",3,7
34,"tratamiento",30,1,"secundaria",2,7
35,"tratamiento",38,0,"terciaria",4,7
36,"tratamiento",48,1,"secundaria",4,4
37,"control",54,1,"terciaria",3,4
38,"control",32,1,"secundaria",1,3
39,"tratamiento",47,0,"secundaria",3,3
40,"control",55,0,"primaria",2,1
41,"control",27,0,"primaria",4,3
42,"control",30,0,"secundaria",4,1
43,"tratamiento",49,0,"terciaria",2,3
44,"tratamiento",33,1,"terciaria",3,3
45,"control",54,0,"secundaria",2,0
46,"tratamiento",32,0,"secundaria",3,8
47,"tratamiento",28,0,"terciaria",4,5
48,"tratamiento",39,0,"secundaria",3,4
49,"control",59,0,"secundaria",1,2
50,"control",57,1,"secundaria",2,1
51,"tratamiento",54,1,"secundaria",5,3
52,"tratamiento",33,0,"terciaria",2,5
53,"tratamiento",25,1,"secundaria",4,4
54,"tratamiento",54,1,"secundaria",3,10
55,"control",36,0,"terciaria",2,1
56,"control",40,0,"terciaria",4,2
57,"control",57,0,"secundaria",2,3
58,"tratamiento",54,1,"secundaria",1,7
59,"tratamiento",51,1,"primaria",2,6
60,"tratamiento",56,1,"secundaria",3,5
61,"tratamiento",40,0,"secundaria",2,4
62,"control",57,0,"primaria",2,2
63,"tratamiento",30,1,"secundaria",3,5
64,"tratamiento",43,1,"terciaria",3,5
65,"tratamiento",47,0,"primaria",2,8
66,"tratamiento",41,0,"terciaria",2,3
67,"tratamiento",52,1,"terciaria",4,2
68,"control",51,1,"terciaria",4,0
69,"control",36,1,"primaria",1,6
70,"tratamiento",46,1,"terciaria",3,2
71,"tratamiento",42,0,"terciaria",2,7
72,"tratamiento",55,1,"primaria",3,7
73,"tratamiento",38,1,"terciaria",2,6
74,"tratamiento",35,0,"terciaria",3,5
75,"control",45,0,"terciaria",1,5
76,"control",20,1,"secundaria",4,5
77,"control",54,1,"terciaria",4,7
78,"control",45,1,"primaria",1,7
79,"control",38,1,"secundaria",3,0
80,"tratamiento",46,0,"secundaria",3,7
81,"control",30,1,"terciaria",3,6
82,"control",37,1,"terciaria",1,1
83,"tratamiento",32,0,"terciaria",4,7
84,"control",46,1,"secundaria",3,7
85,"tratamiento",37,0,"secundaria",3,7
86,"tratamiento",18,1,"secundaria",3,4
87,"tratamiento",36,0,"primaria",3,4
88,"tratamiento",27,1,"secundaria",1,7
89,"control",31,1,"secundaria",1,2
90,"tratamiento",19,0,"secundaria",5,4
91,"control",36,1,"secundaria",2,4
92,"control",63,0,"secundaria",2,1
93,"tratamiento",67,1,"terciaria",1,7
94,"control",45,0,"secundaria",3,3
95,"control",37,1,"secundaria",3,3
96,"control",30,1,"secundaria",4,4
97,"tratamiento",24,0,"primaria",2,6
98,"tratamiento",24,0,"primaria",3,8
99,"control",25,1,"primaria",5,5
100,"control",56,0,"primaria",4,3
101,"control",27,0,"primaria",3,4
102,"tratamiento",20,1,"secundaria",1,7
103,"control",76,0,"terciaria",3,9
104,"control",49,1,"secundaria",2,5
105,"control",24,1,"secundaria",2,3
106,"control",50,1,"secundaria",2,2
107,"control",40,1,"primaria",4,3
108,"tratamiento",44,1,"terciaria",3,6
109,"control",24,1,"terciaria",4,4
110,"control",18,0,"secundaria",3,0
111,"control",19,0,"secundaria",3,5
112,"tratamiento",39,0,"primaria",5,2
113,"control",70,1,"terciaria",3,5
114,"tratamiento",31,0,"secundaria",3,2
115,"control",41,1,"secundaria",3,3
116,"tratamiento",18,1,"secundaria",4,1
117,"control",34,0,"secundaria",5,7
118,"control",44,1,"secundaria",3,2
119,"control",54,1,"terciaria",4,4
120,"control",36,0,"primaria",3,6
121,"tratamiento",60,1,"terciaria",3,4
122,"tratamiento",24,1,"terciaria",5,2
123,"control",52,1,"primaria",1,2
124,"control",25,0,"terciaria",3,4
125,"control",37,1,"primaria",1,2
126,"tratamiento",42,1,"secundaria",5,2
127,"control",32,0,"secundaria",2,3
128,"tratamiento",50,1,"terciaria",3,7
129,"tratamiento",39,0,"secundaria",2,8
130,"tratamiento",41,1,"secundaria",3,4
131,"control",27,1,"terciaria",1,1
132,"control",33,1,"primaria",4,5
133,"tratamiento",34,1,"secundaria",2,1
134,"control",56,0,"terciaria",4,4
135,"tratamiento",42,1,"terciaria",2,5
136,"tratamiento",36,1,"secundaria",3,8
137,"control",49,0,"secundaria",3,0
138,"tratamiento",37,0,"secundaria",3,4
139,"control",36,1,"secundaria",2,1
140,"tratamiento",45,1,"terciaria",3,6
141,"tratamiento",34,0,"secundaria",3,4
142,"tratamiento",66,1,"terciaria",1,5
143,"tratamiento",57,0,"secundaria",2,4
144,"tratamiento",46,1,"terciaria",2,6
145,"control",24,0,"secundaria",3,6
146,"tratamiento",46,1,"terciaria",5,4
147,"control",38,1,"primaria",1,0
148,"control",43,0,"secundaria",1,5
149,"tratamiento",41,0,"primaria",3,8
150,"control",33,1,"terciaria",4,5
151,"tratamiento",49,1,"secundaria",5,2
152,"control",36,0,"terciaria",1,1
153,"tratamiento",42,0,"secundaria",3,1
154,"control",24,0,"secundaria",3,6
155,"control",36,0,"secundaria",3,3
156,"tratamiento",32,0,"secundaria",1,5
157,"control",64,0,"secundaria",2,5
158,"tratamiento",32,0,"terciaria",1,5
159,"tratamiento",62,0,"primaria",1,6
160,"control",56,0,"secundaria",3,8
161,"control",52,0,"secundaria",3,3
162,"control",52,0,"secundaria",5,0
163,"control",28,0,"terciaria",4,3
164,"tratamiento",45,0,"primaria",1,3
165,"control",32,1,"secundaria",1,6
166,"control",31,1,"terciaria",4,0
167,"tratamiento",36,0,"primaria",3,7
168,"control",40,0,"terciaria",4,1
169,"tratamiento",30,0,"terciaria",2,6
170,"control",55,0,"terciaria",4,3
171,"control",56,1,"primaria",1,3
172,"tratamiento",54,0,"primaria",5,3
173,"control",48,1,"primaria",5,7
174,"control",54,1,"primaria",2,5
175,"tratamiento",37,0,"terciaria",4,7
176,"tratamiento",64,0,"secundaria",4,3
177,"tratamiento",42,1,"primaria",4,3
178,"tratamiento",48,1,"secundaria",3,1
179,"tratamiento",55,1,"secundaria",2,6
180,"control",46,0,"secundaria",3,4
181,"tratamiento",39,0,"primaria",5,1
182,"control",18,0,"primaria",3,3
183,"control",43,1,"secundaria",3,0
184,"tratamiento",23,1,"terciaria",5,3
185,"control",41,0,"primaria",3,5
186,"control",18,0,"primaria",1,3
187,"tratamiento",57,0,"primaria",3,5
188,"control",21,0,"secundaria",2,2
189,"tratamiento",47,0,"secundaria",3,7
190,"tratamiento",61,0,"secundaria",4,4
191,"tratamiento",34,0,"terciaria",2,7
192,"control",32,1,"secundaria",3,2
193,"tratamiento",23,0,"secundaria",4,8
194,"tratamiento",39,1,"primaria",2,2
195,"control",43,0,"terciaria",3,4
196,"tratamiento",38,0,"primaria",2,4
197,"tratamiento",42,0,"terciaria",5,3
198,"tratamiento",24,1,"secundaria",3,8
199,"tratamiento",58,0,"terciaria",1,6
200,"tratamiento",45,0,"secundaria",4,4
201,"tratamiento",56,0,"terciaria",5,4
202,"control",28,1,"primaria",2,5
203,"control",50,0,"terciaria",2,1
204,"control",34,0,"secundaria",2,2
205,"tratamiento",62,0,"terciaria",4,9
206,"control",39,1,"secundaria",3,2
207,"tratamiento",18,0,"terciaria",3,7
208,"control",61,1,"secundaria",2,2
209,"tratamiento",51,1,"primaria",1,8
210,"tratamiento",77,1,"secundaria",1,6
211,"tratamiento",56,1,"secundaria",2,4
212,"tratamiento",35,0,"secundaria",4,6
213,"tratamiento",59,1,"terciaria",5,1
214,"control",37,0,"primaria",2,4
215,"control",45,1,"terciaria",2,3
216,"control",54,0,"secundaria",4,1
217,"control",43,1,"secundaria",4,0
218,"tratamiento",18,0,"secundaria",2,4
219,"control",43,1,"secundaria",2,3
220,"tratamiento",36,0,"terciaria",3,5
221,"tratamiento",50,1,"primaria",1,6
222,"control",44,1,"secundaria",3,4
223,"tratamiento",39,0,"terciaria",5,2
224,"tratamiento",41,0,"secundaria",3,8
225,"tratamiento",57,1,"primaria",3,3
226,"control",61,1,"primaria",4,1
227,"control",45,1,"terciaria",3,6
228,"control",45,0,"secundaria",5,0
229,"control",27,0,"terciaria",3,4
230,"control",49,1,"secundaria",2,4
231,"tratamiento",41,1,"primaria",3,3
232,"tratamiento",44,1,"primaria",3,2
233,"tratamiento",18,1,"primaria",1,8
234,"control",33,1,"secundaria",1,5
235,"control",18,0,"primaria",2,4
236,"control",18,0,"secundaria",4,8
237,"control",42,1,"secundaria",1,4
238,"tratamiento",22,1,"terciaria",5,7
239,"control",18,0,"terciaria",4,5
240,"tratamiento",46,0,"secundaria",4,1
241,"control",22,0,"primaria",1,2
242,"tratamiento",68,0,"secundaria",4,4
243,"tratamiento",28,1,"secundaria",3,6
244,"tratamiento",26,0,"secundaria",1,5
245,"control",36,1,"terciaria",3,4
246,"control",18,1,"secundaria",1,2
247,"tratamiento",46,0,"secundaria",4,3
248,"control",31,1,"terciaria",3,1
249,"tratamiento",21,0,"primaria",2,5
250,"control",24,0,"terciaria",1,0
251,"control",24,1,"secundaria",2,3
252,"control",37,0,"secundaria",2,10
253,"tratamiento",31,1,"primaria",3,4
254,"control",40,0,"secundaria",1,0
255,"control",44,1,"primaria",4,5
256,"control",58,0,"secundaria",4,2
257,"tratamiento",45,1,"primaria",5,2
258,"tratamiento",53,0,"terciaria",2,9
259,"tratamiento",38,1,"terciaria",5,2
260,"control",63,0,"primaria",4,5
261,"tratamiento",33,1,"terciaria",1,3
262,"control",36,1,"primaria",2,4
263,"tratamiento",38,1,"primaria",3,7
264,"tratamiento",25,1,"terciaria",1,5
265,"control",34,0,"secundaria",3,2
266,"tratamiento",58,1,"secundaria",3,6
267,"tratamiento",22,0,"primaria",4,5
268,"tratamiento",60,1,"primaria",1,6
269,"control",42,1,"primaria",3,2
270,"control",39,1,"primaria",3,4
271,"control",62,1,"primaria",5,5
272,"tratamiento",20,0,"secundaria",3,4
273,"tratamiento",35,0,"secundaria",3,10
274,"tratamiento",57,0,"terciaria",2,5
275,"tratamiento",48,0,"primaria",3,4
276,"control",51,1,"secundaria",3,3
277,"control",49,0,"secundaria",5,8
278,"tratamiento",39,0,"terciaria",5,3
279,"control",39,1,"terciaria",2,9
280,"tratamiento",47,1,"terciaria",3,5
281,"tratamiento",34,0,"secundaria",5,3
282,"tratamiento",40,0,"primaria",3,4
283,"tratamiento",39,1,"secundaria",2,6
284,"tratamiento",18,1,"terciaria",3,7
285,"control",34,1,"secundaria",3,3
286,"tratamiento",31,0,"terciaria",1,8
287,"tratamiento",44,1,"terciaria",3,3
288,"tratamiento",22,1,"secundaria",3,8
289,"control",44,0,"secundaria",5,2
290,"control",18,1,"primaria",3,4
291,"tratamiento",24,1,"secundaria",2,5
292,"tratamiento",56,1,"secundaria",4,0
293,"control",52,1,"primaria",1,1
294,"tratamiento",43,1,"secundaria",3,4
295,"control",29,0,"primaria",4,3
296,"control",67,0,"primaria",4,4
297,"control",25,1,"terciaria",5,0
298,"control",41,1,"secundaria",4,3
299,"control",63,1,"terciaria",1,8
300,"tratamiento",27,1,"secundaria",4,7
301,"control",60,0,"terciaria",4,7
302,"control",34,1,"primaria",5,1
303,"control",41,1,"secundaria",3,7
304,"tratamiento",48,0,"primaria",2,8
305,"tratamiento",54,0,"secundaria",3,2
306,"control",40,0,"secundaria",2,3
307,"tratamiento",48,0,"secundaria",3,4
308,"tratamiento",42,1,"secundaria",3,6
309,"control",39,0,"terciaria",3,5
310,"tratamiento",45,0,"secundaria",5,6
311,"tratamiento",48,1,"primaria",2,1
312,"control",47,0,"terciaria",3,2
313,"tratamiento",50,0,"secundaria",4,5
314,"control",38,0,"secundaria",1,3
315,"control",35,0,"secundaria",2,7
316,"tratamiento",45,1,"secundaria",4,6
317,"tratamiento",24,1,"terciaria",1,8
318,"tratamiento",39,0,"primaria",2,7
319,"control",61,1,"secundaria",3,1
320,"tratamiento",34,1,"terciaria",5,6
321,"tratamiento",36,0,"secundaria",5,4
322,"control",42,1,"terciaria",4,0
323,"control",29,1,"secundaria",2,2
324,"tratamiento",37,0,"secundaria",2,4
325,"tratamiento",52,0,"secundaria",2,7
326,"control",44,0,"secundaria",3,3
327,"tratamiento",36,1,"terciaria",3,3
328,"control",43,0,"terciaria",2,3
329,"tratamiento",32,1,"primaria",5,7
330,"tratamiento",46,0,"secundaria",5,8
331,"control",39,0,"secundaria",2,8
332,"control",33,1,"secundaria",3,3
333,"control",48,1,"secundaria",3,3
334,"control",28,1,"secundaria",5,5
335,"control",39,1,"primaria",5,6
336,"control",32,0,"secundaria",1,3
337,"control",47,0,"secundaria",4,3
338,"control",55,1,"primaria",3,0
339,"control",30,0,"primaria",2,6
340,"tratamiento",44,0,"secundaria",4,3
341,"control",37,1,"secundaria",5,0
342,"tratamiento",42,0,"secundaria",5,0
343,"control",30,0,"secundaria",2,6
344,"control",45,1,"terciaria",4,2
345,"tratamiento",44,1,"secundaria",5,4
346,"tratamiento",18,1,"secundaria",5,3
347,"control",43,1,"terciaria",1,2
348,"control",35,1,"primaria",3,0
349,"tratamiento",18,1,"secundaria",5,3
350,"tratamiento",47,0,"secundaria",2,7
351,"tratamiento",27,0,"secundaria",5,6
352,"tratamiento",45,0,"primaria",2,6
353,"tratamiento",41,1,"terciaria",2,6
354,"control",54,1,"secundaria",1,5
355,"control",18,1,"primaria",4,3
356,"tratamiento",56,0,"primaria",2,5
357,"tratamiento",19,1,"secundaria",3,8
358,"control",46,0,"secundaria",5,2
359,"control",55,0,"primaria",2,4
360,"tratamiento",44,1,"secundaria",3,3
361,"tratamiento",49,1,"secundaria",4,3
362,"tratamiento",55,1,"secundaria",2,5
363,"control",33,0,"secundaria",1,1
364,"control",50,1,"secundaria",1,4
365,"tratamiento",48,0,"terciaria",2,3
366,"tratamiento",18,0,"primaria",5,5
367,"control",28,1,"primaria",1,6
368,"control",59,1,"secundaria",2,2
369,"control",36,0,"secundaria",2,2
370,"control",47,0,"secundaria",3,5
371,"tratamiento",53,1,"secundaria",1,5
372,"tratamiento",40,0,"primaria",3,8
373,"tratamiento",68,0,"secundaria",2,2
374,"tratamiento",30,0,"terciaria",4,5
375,"tratamiento",50,0,"secundaria",5,0
376,"control",26,0,"secundaria",2,3
377,"tratamiento",36,1,"primaria",3,3
378,"tratamiento",31,1,"terciaria",5,5
379,"tratamiento",53,0,"primaria",2,8
380,"control",38,0,"secundaria",5,3
381,"tratamiento",41,1,"terciaria",2,3
382,"control",25,1,"terciaria",3,6
383,"control",44,1,"terciaria",2,1
384,"control",44,1,"terciaria",3,3
385,"control",59,0,"terciaria",1,7
386,"control",37,1,"secundaria",3,3
387,"control",32,0,"secundaria",5,6
388,"tratamiento",38,1,"secundaria",2,9
389,"control",47,1,"secundaria",5,6
390,"control",49,1,"secundaria",3,0
391,"tratamiento",35,0,"primaria",2,5
392,"tratamiento",49,0,"terciaria",3,2
393,"tratamiento",55,0,"terciaria",2,0
394,"tratamiento",24,0,"terciaria",4,4
395,"tratamiento",45,0,"secundaria",2,4
396,"tratamiento",43,0,"secundaria",3,5
397,"control",40,0,"primaria",2,7
398,"control",27,0,"terciaria",2,3
399,"control",60,0,"secundaria",2,1
400,"tratamiento",23,0,"secundaria",3,6
401,"tratamiento",33,1,"terciaria",4,6
402,"tratamiento",51,1,"primaria",4,1
403,"tratamiento",49,0,"secundaria",5,3
404,"tratamiento",49,0,"secundaria",4,3
405,"control",36,1,"terciaria",2,2
406,"control",31,0,"primaria",1,4
407,"control",57,0,"secundaria",3,3
408,"control",54,0,"secundaria",3,0
409,"tratamiento",30,0,"primaria",3,3
410,"control",60,1,"secundaria",5,0
411,"control",73,1,"terciaria",2,1
412,"control",60,1,"secundaria",3,5
413,"tratamiento",24,1,"primaria",2,4
414,"control",28,0,"secundaria",4,2
415,"control",53,1,"terciaria",3,6
416,"tratamiento",21,1,"terciaria",3,6
417,"tratamiento",60,1,"secundaria",3,4
418,"control",34,0,"secundaria",3,3
419,"tratamiento",53,1,"primaria",1,4
420,"control",50,1,"primaria",3,8
421,"control",41,1,"terciaria",1,7
422,"control",53,1,"secundaria",1,2
423,"control",52,0,"secundaria",4,3
424,"control",20,1,"secundaria",3,6
425,"control",19,0,"primaria",1,5
426,"control",44,1,"terciaria",4,4
427,"control",46,0,"primaria",3,0
428,"control",55,0,"secundaria",4,1
429,"tratamiento",25,1,"secundaria",4,7
430,"tratamiento",64,1,"terciaria",5,0
431,"control",40,0,"secundaria",4,4
432,"control",37,1,"terciaria",1,4
433,"tratamiento",48,0,"terciaria",3,7
434,"control",40,1,"terciaria",3,5
435,"tratamiento",53,0,"secundaria",2,6
436,"control",19,1,"primaria",1,4
437,"tratamiento",18,0,"secundaria",4,4
438,"tratamiento",18,0,"secundaria",1,3
439,"tratamiento",27,1,"terciaria",1,4
440,"tratamiento",24,0,"secundaria",3,9
441,"tratamiento",58,1,"terciaria",4,6
442,"tratamiento",48,0,"secundaria",1,7
443,"control",57,0,"primaria",2,2
444,"tratamiento",34,0,"secundaria",3,5
445,"control",32,0,"secundaria",1,2
446,"control",35,1,"secundaria",2,2
447,"tratamiento",57,0,"terciaria",2,8
448,"tratamiento",24,1,"secundaria",2,7
449,"control",39,0,"primaria",3,3
450,"tratamiento",39,0,"primaria",4,3
451,"tratamiento",34,1,"secundaria",3,5
452,"control",33,1,"primaria",4,2
453,"control",37,1,"secundaria",2,5
454,"control",36,1,"terciaria",1,5
455,"tratamiento",44,1,"secundaria",3,5
456,"tratamiento",18,1,"secundaria",3,2
457,"control",53,0,"primaria",2,1
458,"control",50,1,"secundaria",3,3
459,"control",52,1,"terciaria",1,6
460,"control",24,1,"terciaria",1,3
461,"control",42,1,"secundaria",4,0
462,"control",18,1,"secundaria",2,2
463,"control",47,0,"terciaria",5,2
464,"control",55,0,"primaria",3,1
465,"control",43,0,"secundaria",3,1
466,"tratamiento",47,1,"secundaria",1,7
467,"control",27,1,"secundaria",1,0
468,"tratamiento",31,1,"secundaria",2,4
469,"control",51,1,"terciaria",1,6
470,"tratamiento",32,1,"terciaria",4,7
471,"control",53,0,"primaria",5,1
472,"control",40,1,"terciaria",2,4
473,"tratamiento",31,0,"secundaria",3,7
474,"tratamiento",22,1,"terciaria",1,6
475,"tratamiento",18,1,"terciaria",1,9
476,"control",38,0,"secundaria",1,5
477,"tratamiento",24,1,"secundaria",5,8
478,"control",29,0,"primaria",3,7
479,"control",57,1,"secundaria",4,3
480,"control",25,1,"terciaria",2,1
481,"control",33,0,"secundaria",3,1
482,"tratamiento",26,0,"terciaria",1,8
483,"tratamiento",34,0,"terciaria",1,8
484,"control",45,1,"secundaria",1,2
485,"tratamiento",65,0,"secundaria",4,3
486,"control",26,1,"secundaria",4,0
487,"tratamiento",44,0,"terciaria",4,7
488,"tratamiento",44,0,"secundaria",2,5
489,"control",33,0,"terciaria",2,7
490,"control",48,0,"secundaria",1,7
491,"tratamiento",38,1,"primaria",4,4
492,"tratamiento",56,1,"primaria",3,3
493,"control",53,0,"primaria",5,1
494,"control",42,0,"primaria",3,0
495,"control",18,0,"primaria",5,8
496,"tratamiento",60,1,"primaria",3,2
497,"tratamiento",48,1,"terciaria",3,8
498,"control",41,0,"secundaria",1,3
499,"tratamiento",43,1,"terciaria",3,5
500,"tratamiento",18,1,"secundaria",5,3
501,"control",37,1,"primaria",1,5
502,"control",21,1,"secundaria",4,2
503,"control",18,0,"secundaria",2,7
504,"tratamiento",33,1,"secundaria",5,4
505,"tratamiento",55,1,"primaria",4,6
506,"control",28,0,"primaria",1,3
507,"control",44,1,"secundaria",2,3
508,"control",42,0,"secundaria",3,3
509,"control",58,1,"secundaria",3,1
510,"control",39,1,"secundaria",4,4
511,"control",34,1,"secundaria",1,3
512,"control",27,0,"secundaria",3,4
513,"tratamiento",18,0,"terciaria",3,5
514,"tratamiento",18,1,"secundaria",1,7
515,"tratamiento",21,0,"primaria",2,7
516,"tratamiento",21,0,"secundaria",1,5
517,"control",62,1,"terciaria",2,3
518,"control",24,1,"primaria",4,6
519,"control",53,1,"terciaria",4,3
520,"control",44,0,"secundaria",2,9
521,"control",24,1,"primaria",4,6
522,"control",35,1,"secundaria",4,1
523,"tratamiento",40,0,"secundaria",5,5
524,"control",47,0,"terciaria",3,6
525,"control",24,1,"primaria",2,5
526,"control",28,0,"primaria",4,1
527,"tratamiento",35,0,"terciaria",1,6
528,"control",43,0,"secundaria",5,1
529,"tratamiento",57,1,"secundaria",2,2
530,"control",51,0,"terciaria",3,1
531,"tratamiento",33,1,"secundaria",2,6
532,"control",41,0,"terciaria",3,1
533,"tratamiento",60,0,"terciaria",3,7
534,"tratamiento",44,0,"secundaria",3,4
535,"tratamiento",34,1,"secundaria",1,4
536,"control",50,0,"secundaria",1,6
537,"control",30,1,"secundaria",5,2
538,"control",27,1,"primaria",4,6
539,"tratamiento",41,0,"terciaria",4,3
540,"tratamiento",48,1,"secundaria",3,3
541,"tratamiento",41,1,"secundaria",4,4
542,"control",38,0,"terciaria",3,2
543,"tratamiento",51,0,"primaria",3,0
544,"tratamiento",23,1,"secundaria",3,3
545,"tratamiento",59,0,"terciaria",3,2
546,"control",38,0,"terciaria",5,0
547,"control",43,0,"primaria",4,0
548,"tratamiento",41,1,"primaria",4,4
549,"tratamiento",50,1,"terciaria",2,8
550,"control",43,0,"primaria",3,0
551,"control",21,1,"secundaria",1,3
552,"tratamiento",38,1,"secundaria",1,5
553,"tratamiento",41,1,"terciaria",4,3
554,"control",28,1,"terciaria",3,4
555,"control",53,1,"terciaria",3,7
556,"tratamiento",25,0,"secundaria",2,8
557,"tratamiento",27,0,"secundaria",2,4
558,"control",48,0,"secundaria",1,6
559,"control",51,0,"secundaria",3,9
560,"tratamiento",52,1,"secundaria",1,7
561,"tratamiento",59,0,"secundaria",3,3
562,"tratamiento",41,1,"terciaria",3,6
563,"tratamiento",18,0,"secundaria",4,4
564,"control",23,0,"terciaria",5,2
565,"control",50,1,"secundaria",2,4
566,"control",28,1,"primaria",4,0
567,"tratamiento",31,1,"secundaria",4,7
568,"tratamiento",42,0,"secundaria",2,6
569,"tratamiento",61,1,"secundaria",1,6
570,"tratamiento",18,0,"primaria",3,7
571,"tratamiento",42,1,"secundaria",2,3
572,"tratamiento",28,0,"secundaria",2,3
573,"tratamiento",34,1,"terciaria",4,3
574,"control",20,0,"primaria",2,3
575,"control",36,1,"terciaria",2,2
576,"control",46,1,"terciaria",3,5
577,"tratamiento",45,1,"secundaria",2,6
578,"tratamiento",41,0,"terciaria",4,4
579,"tratamiento",44,1,"secundaria",2,5
580,"tratamiento",38,0,"terciaria",1,4
581,"control",62,1,"secundaria",4,2
582,"control",34,1,"primaria",1,5
583,"tratamiento",24,0,"terciaria",3,4
584,"control",50,0,"secundaria",3,3
585,"tratamiento",38,1,"terciaria",5,2
586,"tratamiento",45,1,"primaria",2,2
587,"control",42,1,"terciaria",2,2
588,"tratamiento",46,0,"secundaria",3,7
589,"control",40,1,"terciaria",5,3
590,"control",35,0,"secundaria",4,1
591,"tratamiento",52,0,"secundaria",2,6
592,"tratamiento",47,1,"terciaria",2,2
593,"tratamiento",43,1,"secundaria",3,2
594,"control",36,0,"terciaria",5,3
595,"control",49,0,"primaria",3,1
596,"tratamiento",37,0,"secundaria",3,6
597,"control",39,1,"terciaria",2,0
598,"control",22,0,"terciaria",3,6
599,"control",59,0,"terciaria",3,5
600,"tratamiento",46,1,"terciaria",3,1
601,"tratamiento",35,1,"primaria",2,9
602,"control",34,1,"primaria",1,4
603,"tratamiento",40,1,"terciaria",2,8
604,"tratamiento",39,1,"secundaria",4,5
605,"tratamiento",45,1,"primaria",2,5
606,"tratamiento",26,0,"terciaria",1,3
607,"tratamiento",53,1,"terciaria",4,0
608,"control",44,1,"secundaria",2,5
609,"tratamiento",58,0,"terciaria",2,6
610,"control",47,1,"primaria",3,2
611,"control",42,1,"terciaria",3,1
612,"control",30,1,"primaria",5,2
613,"tratamiento",30,1,"terciaria",1,5
614,"control",63,1,"secundaria",3,2
615,"control",36,0,"secundaria",5,7
616,"tratamiento",49,1,"primaria",2,0
617,"control",57,0,"secundaria",2,0
618,"tratamiento",42,1,"secundaria",5,2
619,"tratamiento",44,1,"secundaria",3,6
620,"control",43,0,"secundaria",3,4
621,"tratamiento",34,0,"secundaria",4,5
622,"tratamiento",45,0,"secundaria",2,4
623,"tratamiento",64,0,"secundaria",4,8
624,"tratamiento",48,1,"terciaria",4,3
625,"tratamiento",28,1,"terciaria",2,4
626,"tratamiento",44,0,"secundaria",5,5
627,"control",50,1,"secundaria",1,2
628,"control",40,1,"terciaria",4,4
629,"control",32,1,"secundaria",2,0
630,"tratamiento",44,0,"primaria",4,6
631,"control",33,1,"secundaria",3,1
632,"control",32,0,"secundaria",3,8
633,"tratamiento",57,1,"primaria",3,6
634,"tratamiento",52,1,"terciaria",1,9
635,"tratamiento",50,0,"secundaria",4,9
636,"control",28,1,"primaria",3,1
637,"tratamiento",55,1,"secundaria",3,7
638,"control",45,0,"primaria",2,10
639,"control",34,0,"terciaria",4,0
640,"tratamiento",58,1,"secundaria",4,4
641,"tratamiento",52,1,"secundaria",5,3
642,"tratamiento",52,0,"primaria",2,4
643,"control",27,0,"terciaria",2,3
644,"tratamiento",24,0,"secundaria",1,2
645,"control",39,1,"secundaria",3,4
646,"control",33,1,"terciaria",3,4
647,"tratamiento",30,0,"secundaria",5,4
648,"tratamiento",18,0,"secundaria",2,8
649,"control",65,1,"secundaria",4,6
650,"control",47,1,"secundaria",5,2
651,"control",31,1,"secundaria",3,7
652,"control",61,0,"primaria",1,4
653,"tratamiento",37,1,"secundaria",3,2
654,"control",42,0,"primaria",2,3
655,"tratamiento",46,0,"terciaria",3,3
656,"control",45,1,"secundaria",4,5
657,"tratamiento",48,1,"primaria",4,7
658,"tratamiento",43,1,"terciaria",3,10
659,"control",40,1,"terciaria",5,1
660,"tratamiento",32,0,"secundaria",5,2
661,"tratamiento",18,1,"primaria",4,7
662,"control",32,1,"secundaria",2,2
663,"tratamiento",47,0,"secundaria",3,6
664,"tratamiento",49,1,"secundaria",3,2
665,"control",44,0,"secundaria",2,1
666,"tratamiento",29,1,"primaria",2,8
667,"control",55,0,"secundaria",3,4
668,"tratamiento",60,0,"secundaria",3,3
669,"control",31,1,"primaria",3,0
670,"control",59,1,"secundaria",2,0
671,"control",47,0,"terciaria",4,2
672,"control",18,0,"terciaria",2,0
673,"tratamiento",41,0,"terciaria",1,7
674,"tratamiento",20,1,"terciaria",1,7
675,"tratamiento",40,1,"secundaria",1,6
676,"control",33,0,"secundaria",2,4
677,"control",29,1,"terciaria",5,2
678,"tratamiento",54,0,"terciaria",3,5
679,"control",42,1,"secundaria",5,5
680,"tratamiento",18,0,"secundaria",5,0
681,"control",35,1,"secundaria",1,2
682,"tratamiento",47,1,"terciaria",1,2
683,"tratamiento",46,0,"secundaria",3,6
684,"tratamiento",36,0,"secundaria",4,3
685,"control",49,1,"terciaria",2,6
686,"tratamiento",54,0,"primaria",4,6
687,"control",40,1,"secundaria",1,7
688,"tratamiento",43,1,"primaria",1,7
689,"control",46,1,"secundaria",2,4
690,"tratamiento",56,1,"terciaria",4,2
691,"tratamiento",41,0,"secundaria",1,6
692,"control",51,0,"terciaria",1,2
693,"tratamiento",55,0,"secundaria",2,5
694,"control",51,0,"secundaria",1,4
695,"control",55,0,"terciaria",4,8
696,"control",41,1,"secundaria",2,1
697,"tratamiento",37,0,"secundaria",1,0
698,"tratamiento",41,1,"terciaria",1,3
699,"tratamiento",48,0,"terciaria",3,7
700,"tratamiento",24,1,"secundaria",3,6
701,"tratamiento",28,1,"secundaria",3,9
702,"control",50,0,"secundaria",2,5
703,"control",54,0,"primaria",4,2
704,"tratamiento",65,0,"secundaria",2,6
705,"control",30,0,"secundaria",2,7
706,"control",60,0,"primaria",1,6
707,"control",41,1,"secundaria",2,3
708,"control",18,0,"secundaria",4,5
709,"control",32,1,"secundaria",2,2
710,"control",35,1,"terciaria",1,2
711,"control",38,0,"primaria",2,4
712,"tratamiento",47,1,"terciaria",2,5
713,"tratamiento",34,1,"terciaria",5,2
714,"control",36,1,"terciaria",4,2
715,"control",42,1,"secundaria",5,2
716,"control",66,1,"secundaria",4,6
717,"control",36,1,"terciaria",4,1
718,"tratamiento",25,0,"terciaria",5,4
719,"tratamiento",36,0,"secundaria",2,2
720,"tratamiento",69,0,"terciaria",3,6
721,"control",24,1,"primaria",3,4
722,"tratamiento",31,1,"secundaria",5,5
723,"tratamiento",44,1,"primaria",4,6
724,"control",43,1,"primaria",3,2
725,"control",48,1,"terciaria",3,0
726,"tratamiento",46,0,"secundaria",3,6
727,"control",39,0,"terciaria",5,0
728,"tratamiento",66,0,"secundaria",1,7
729,"control",29,0,"secundaria",2,3
730,"tratamiento",46,1,"secundaria",4,5
731,"tratamiento",18,0,"terciaria",5,7
732,"control",44,0,"primaria",2,3
733,"control",18,1,"secundaria",2,3
734,"control",18,1,"primaria",5,4
735,"tratamiento",28,1,"terciaria",4,4
736,"control",33,0,"secundaria",4,1
737,"tratamiento",52,0,"secundaria",3,7
738,"control",52,1,"secundaria",3,6
739,"control",28,0,"terciaria",2,4
740,"control",23,0,"secundaria",4,1
741,"tratamiento",43,1,"secundaria",3,6
742,"control",21,1,"secundaria",2,4
743,"tratamiento",18,0,"primaria",3,1
744,"tratamiento",31,1,"primaria",3,0
745,"tratamiento",41,0,"secundaria",5,5
746,"control",76,0,"secundaria",4,2
747,"tratamiento",59,0,"terciaria",5,5
748,"control",50,0,"secundaria",4,3
749,"control",40,0,"secundaria",3,4
750,"control",18,0,"secundaria",4,5
751,"control",34,0,"primaria",4,4
752,"tratamiento",41,1,"secundaria",3,1
753,"control",55,0,"secundaria",4,2
754,"control",28,0,"secundaria",2,5
755,"control",52,0,"primaria",3,3
756,"tratamiento",32,1,"terciaria",2,10
757,"tratamiento",55,0,"secundaria",2,7
758,"control",63,0,"secundaria",3,3
759,"tratamiento",23,0,"secundaria",3,5
760,"control",49,1,"primaria",2,1
761,"tratamiento",37,1,"primaria",3,5
762,"tratamiento",49,0,"primaria",3,5
763,"control",67,1,"terciaria",3,1
764,"tratamiento",58,0,"terciaria",2,3
765,"tratamiento",41,1,"primaria",1,8
766,"tratamiento",65,0,"terciaria",3,4
767,"tratamiento",28,1,"terciaria",1,5
768,"tratamiento",49,0,"terciaria",2,3
769,"tratamiento",38,0,"secundaria",1,8
770,"tratamiento",47,1,"secundaria",2,5
771,"control",30,1,"primaria",4,8
772,"tratamiento",68,1,"secundaria",3,5
773,"tratamiento",18,0,"terciaria",2,2
774,"control",45,0,"terciaria",5,0
775,"tratamiento",27,1,"primaria",1,5
776,"tratamiento",38,1,"secundaria",4,3
777,"control",59,1,"secundaria",2,0
778,"control",39,1,"secundaria",3,2
779,"tratamiento",46,1,"secundaria",5,4
780,"control",18,1,"secundaria",5,2
781,"tratamiento",18,1,"secundaria",3,8
782,"control",29,1,"secundaria",5,2
783,"control",51,1,"secundaria",2,5
784,"control",18,1,"secundaria",3,5
785,"tratamiento",44,0,"secundaria",4,3
786,"control",51,0,"terciaria",2,1
787,"control",30,0,"secundaria",3,3
788,"control",27,0,"primaria",3,4
789,"tratamiento",66,0,"primaria",4,5
790,"control",43,0,"primaria",4,3
791,"control",36,1,"secundaria",4,4
792,"control",30,0,"secundaria",3,4
793,"tratamiento",38,0,"secundaria",3,1
794,"tratamiento",39,0,"secundaria",5,7
795,"tratamiento",48,1,"terciaria",3,4
796,"control",43,1,"primaria",3,4
797,"tratamiento",36,1,"terciaria",3,7
798,"tratamiento",37,0,"primaria",2,7
799,"control",33,1,"secundaria",2,2
800,"control",38,0,"secundaria",4,6
801,"tratamiento",29,0,"primaria",2,6
802,"tratamiento",39,0,"terciaria",5,2
803,"control",46,1,"secundaria",5,3
804,"control",51,0,"secundaria",2,0
805,"control",42,0,"secundaria",2,1
806,"control",57,1,"secundaria",2,2
807,"control",28,1,"primaria",4,1
808,"control",32,0,"terciaria",1,3
809,"tratamiento",50,0,"secundaria",5,0
810,"tratamiento",38,1,"secundaria",5,3
811,"control",39,1,"secundaria",4,4
812,"tratamiento",57,1,"terciaria",1,4
813,"control",44,1,"terciaria",5,2
814,"tratamiento",43,1,"primaria",2,4
815,"control",43,1,"primaria",2,10
816,"tratamiento",27,0,"secundaria",4,1
817,"tratamiento",52,1,"secundaria",5,4
818,"control",47,0,"primaria",3,3
819,"tratamiento",18,0,"primaria",3,5
820,"tratamiento",27,1,"secundaria",3,5
821,"control",37,1,"secundaria",3,3
822,"tratamiento",38,1,"primaria",5,5
823,"control",53,0,"secundaria",2,5
824,"tratamiento",35,0,"primaria",2,5
825,"control",48,0,"primaria",1,4
826,"control",47,1,"terciaria",1,3
827,"tratamiento",30,0,"primaria",1,6
828,"tratamiento",30,0,"terciaria",5,2
829,"control",46,1,"secundaria",5,0
830,"tratamiento",50,0,"terciaria",2,5
831,"tratamiento",44,1,"terciaria",1,7
832,"control",43,0,"terciaria",4,3
833,"control",34,0,"terciaria",2,6
834,"control",26,1,"terciaria",3,5
835,"tratamiento",48,1,"secundaria",4,2
836,"control",24,1,"secundaria",4,3
837,"control",41,1,"primaria",4,5
838,"tratamiento",31,1,"primaria",2,5
839,"tratamiento",32,1,"secundaria",3,4
840,"control",40,0,"secundaria",3,0
841,"tratamiento",61,1,"primaria",4,2
842,"control",35,0,"primaria",2,3
843,"control",22,1,"terciaria",4,7
844,"control",29,1,"primaria",3,3
845,"control",33,1,"terciaria",4,5
846,"control",36,1,"secundaria",4,2
847,"control",40,0,"secundaria",4,1
848,"control",42,1,"secundaria",4,3
849,"tratamiento",47,0,"secundaria",2,2
850,"control",21,0,"secundaria",1,3
851,"control",43,0,"secundaria",3,4
852,"tratamiento",40,1,"terciaria",4,6
853,"control",39,1,"primaria",5,5
854,"control",49,0,"secundaria",3,8
855,"control",33,1,"primaria",2,5
856,"control",61,0,"primaria",3,3
857,"tratamiento",18,0,"secundaria",2,4
858,"control",41,0,"primaria",1,6
859,"tratamiento",31,1,"secundaria",2,4
860,"control",38,1,"primaria",1,6
861,"tratamiento",29,0,"primaria",3,4
862,"tratamiento",61,1,"secundaria",4,3
863,"tratamiento",43,0,"terciaria",2,2
864,"tratamiento",25,1,"terciaria",3,6
865,"control",30,0,"primaria",1,4
866,"tratamiento",35,1,"terciaria",3,5
867,"control",42,0,"terciaria",4,3
868,"tratamiento",36,0,"secundaria",3,3
869,"tratamiento",42,0,"primaria",2,8
870,"tratamiento",23,0,"secundaria",2,2
871,"control",52,0,"secundaria",4,5
872,"tratamiento",27,1,"secundaria",5,3
873,"control",44,0,"terciaria",3,4
874,"tratamiento",18,0,"secundaria",5,5
875,"control",28,1,"secundaria",2,3
876,"tratamiento",40,0,"secundaria",4,5
877,"control",56,1,"primaria",2,3
878,"tratamiento",52,0,"terciaria",3,6
879,"tratamiento",19,1,"secundaria",5,3
880,"tratamiento",33,0,"secundaria",1,4
881,"control",28,1,"secundaria",1,7
882,"control",30,1,"secundaria",2,1
883,"control",39,0,"terciaria",2,4
884,"tratamiento",37,0,"secundaria",3,1
885,"control",47,1,"primaria",3,4
886,"tratamiento",50,0,"secundaria",3,8
887,"tratamiento",27,0,"terciaria",1,5
888,"tratamiento",39,0,"terciaria",3,6
889,"control",30,1,"secundaria",4,2
890,"tratamiento",46,0,"secundaria",2,3
891,"control",18,1,"secundaria",3,5
892,"tratamiento",35,0,"terciaria",5,2
893,"control",60,0,"terciaria",2,1
894,"tratamiento",42,0,"secundaria",1,7
895,"control",42,1,"secundaria",1,5
896,"tratamiento",26,0,"secundaria",2,4
897,"tratamiento",37,0,"terciaria",3,8
898,"control",34,0,"terciaria",5,2
899,"tratamiento",41,1,"secundaria",3,4
900,"tratamiento",24,1,"secundaria",5,2
901,"tratamiento",46,1,"terciaria",2,5
902,"tratamiento",49,0,"terciaria",2,9
903,"tratamiento",53,1,"secundaria",3,4
904,"tratamiento",47,0,"primaria",2,4
905,"tratamiento",43,1,"primaria",5,5
906,"control",48,1,"primaria",1,5
907,"control",37,0,"secundaria",4,5
908,"control",52,1,"secundaria",5,1
909,"tratamiento",25,0,"secundaria",2,5
910,"control",49,0,"terciaria",3,4
911,"tratamiento",18,0,"primaria",3,8
912,"control",54,0,"terciaria",3,4
913,"tratamiento",18,1,"secundaria",4,5
914,"tratamiento",23,0,"secundaria",2,5
915,"tratamiento",28,1,"secundaria",2,8
916,"control",42,0,"secundaria",5,0
917,"tratamiento",26,0,"secundaria",5,7
918,"tratamiento",60,0,"primaria",5,5
919,"tratamiento",39,0,"primaria",5,5
920,"tratamiento",30,0,"primaria",2,2
921,"control",41,0,"secundaria",4,3
922,"control",45,1,"terciaria",3,4
923,"tratamiento",48,1,"secundaria",2,3
924,"tratamiento",44,1,"terciaria",2,7
925,"tratamiento",18,1,"secundaria",1,5
926,"tratamiento",40,1,"secundaria",4,4
927,"control",54,0,"secundaria",3,3
928,"control",34,0,"terciaria",4,5
929,"control",57,0,"secundaria",5,2
930,"control",47,0,"terciaria",3,6
931,"tratamiento",33,0,"terciaria",3,5
932,"control",39,0,"terciaria",2,2
933,"control",26,1,"terciaria",1,6
934,"control",57,0,"primaria",4,6
935,"control",42,0,"secundaria",3,4
936,"control",42,0,"secundaria",2,0
937,"tratamiento",33,0,"secundaria",4,3
938,"control",37,1,"secundaria",4,0
939,"tratamiento",61,0,"terciaria",2,4
940,"tratamiento",18,1,"terciaria",3,6
941,"tratamiento",43,0,"primaria",5,5
942,"control",45,1,"secundaria",2,3
943,"control",18,1,"terciaria",5,1
944,"tratamiento",42,1,"secundaria",5,3
945,"tratamiento",24,0,"terciaria",1,6
946,"control",27,1,"secundaria",1,7
947,"control",55,1,"terciaria",2,6
948,"tratamiento",25,1,"secundaria",2,4
949,"tratamiento",44,1,"primaria",2,7
950,"tratamiento",28,1,"primaria",1,9
951,"control",27,1,"terciaria",2,4
952,"tratamiento",38,1,"terciaria",4,2
953,"control",22,0,"secundaria",2,1
954,"control",53,1,"terciaria",4,3
955,"tratamiento",43,0,"secundaria",3,5
956,"tratamiento",59,0,"terciaria",5,0
957,"control",35,0,"terciaria",3,2
958,"tratamiento",41,1,"secundaria",3,7
959,"control",28,1,"secundaria",3,1
960,"tratamiento",42,1,"secundaria",1,7
961,"tratamiento",28,1,"primaria",5,1
962,"control",50,1,"terciaria",3,2
963,"control",39,1,"terciaria",3,3
964,"tratamiento",51,1,"secundaria",3,8
965,"tratamiento",28,0,"primaria",2,2
966,"control",36,0,"secundaria",3,2
967,"tratamiento",46,0,"primaria",2,3
968,"control",18,0,"secundaria",2,2
969,"control",54,0,"primaria",3,0
970,"control",52,1,"secundaria",3,1
971,"control",50,0,"terciaria",4,5
972,"control",49,0,"primaria",1,5
973,"control",37,0,"terciaria",4,6
974,"control",54,0,"secundaria",1,3
975,"tratamiento",25,1,"primaria",2,6
976,"tratamiento",60,1,"terciaria",3,3
977,"control",32,0,"secundaria",3,6
978,"tratamiento",44,0,"secundaria",2,6
979,"control",18,1,"primaria",1,9
980,"tratamiento",46,0,"primaria",3,4
981,"tratamiento",47,1,"primaria",3,2
982,"tratamiento",43,1,"secundaria",3,6
983,"control",41,0,"primaria",4,4
984,"control",27,1,"secundaria",5,6
985,"tratamiento",39,1,"terciaria",2,4
986,"tratamiento",39,1,"secundaria",4,1
987,"control",35,1,"secundaria",5,5
988,"control",18,0,"secundaria",2,2
989,"tratamiento",32,1,"terciaria",3,0
990,"control",54,1,"secundaria",3,3
991,"tratamiento",44,1,"terciaria",1,5
992,"control",38,1,"secundaria",3,3
993,"tratamiento",33,0,"primaria",1,7
994,"tratamiento",46,1,"secundaria",3,6
995,"tratamiento",56,1,"primaria",2,5
996,"control",39,0,"primaria",4,1
997,"tratamiento",18,0,"terciaria",5,8
998,"tratamiento",27,0,"terciaria",4,3
999,"tratamiento",47,1,"terciaria",2,1
1000,"tratamiento",22,0,"primaria",5,5
1001,"tratamiento",26,0,"secundaria",3,4
1002,"control",52,0,"terciaria",2,3
1003,"tratamiento",30,1,"primaria",3,9
1004,"control",33,1,"secundaria",4,1
1005,"tratamiento",28,0,"secundaria",1,6
1006,"tratamiento",28,0,"terciaria",3,3
1007,"tratamiento",24,1,"secundaria",3,3
1008,"control",35,0,"secundaria",2,4
1009,"control",30,1,"primaria",3,0
1010,"control",57,0,"terciaria",4,6
1011,"tratamiento",22,1,"secundaria",1,5
1012,"tratamiento",42,1,"secundaria",1,5
1013,"control",24,1,"primaria",2,0
1014,"control",34,0,"terciaria",5,2
1015,"control",49,0,"primaria",3,1
1016,"tratamiento",37,1,"secundaria",2,3
1017,"tratamiento",21,1,"secundaria",2,10
1018,"control",31,1,"terciaria",3,3
1019,"tratamiento",39,0,"primaria",3,6
1020,"tratamiento",61,0,"secundaria",2,5
1021,"control",47,1,"terciaria",3,2
1022,"tratamiento",36,0,"primaria",1,3
1023,"control",60,0,"primaria",1,5
1024,"control",48,0,"terciaria",1,3
1025,"control",55,0,"terciaria",4,2
1026,"tratamiento",56,1,"terciaria",2,4
1027,"tratamiento",45,0,"terciaria",4,4
1028,"control",26,1,"primaria",1,1
1029,"control",37,0,"terciaria",3,3
1030,"control",52,1,"terciaria",2,7
1031,"tratamiento",27,0,"secundaria",3,3
1032,"control",24,0,"terciaria",5,4
1033,"control",44,1,"terciaria",5,2
1034,"control",42,0,"secundaria",3,5
1035,"control",31,1,"secundaria",2,5
1036,"control",41,0,"terciaria",2,2
1037,"tratamiento",55,1,"primaria",3,3
1038,"tratamiento",42,0,"secundaria",4,3
1039,"control",32,1,"primaria",4,0
1040,"control",41,0,"primaria",4,2
1041,"tratamiento",40,1,"secundaria",2,2
1042,"control",41,1,"secundaria",5,2
1043,"control",40,1,"terciaria",1,5
1044,"tratamiento",44,0,"terciaria",2,7
1045,"tratamiento",51,1,"terciaria",3,7
1046,"tratamiento",32,1,"secundaria",4,5
1047,"tratamiento",30,0,"primaria",4,3
1048,"control",53,0,"terciaria",1,6
1049,"tratamiento",49,0,"secundaria",1,6
1050,"tratamiento",42,1,"terciaria",3,2
1051,"tratamiento",36,1,"terciaria",3,4
1052,"tratamiento",43,0,"terciaria",3,1
1053,"tratamiento",26,0,"secundaria",3,6
1054,"tratamiento",43,1,"secundaria",3,3
1055,"control",24,1,"secundaria",3,0
1056,"control",47,0,"secundaria",4,0
1057,"control",49,1,"terciaria",2,2
1058,"tratamiento",36,0,"primaria",2,7
1059,"tratamiento",44,0,"secundaria",3,7
1060,"control",34,1,"secundaria",2,6
1061,"tratamiento",35,1,"primaria",3,4
1062,"tratamiento",45,1,"terciaria",3,6
1063,"control",60,1,"primaria",3,4
1064,"control",49,0,"secundaria",4,1
1065,"tratamiento",31,0,"terciaria",3,1
1066,"control",38,1,"secundaria",2,5
1067,"control",33,1,"secundaria",3,0
1068,"tratamiento",50,1,"primaria",3,3
1069,"tratamiento",43,0,"secundaria",2,3
1070,"tratamiento",46,1,"secundaria",5,1
1071,"control",22,0,"secundaria",1,5
1072,"tratamiento",43,1,"secundaria",4,1
1073,"control",42,1,"terciaria",4,5
1074,"tratamiento",44,0,"primaria",2,4
1075,"control",55,0,"terciaria",3,2
1076,"control",38,0,"primaria",3,5
1077,"tratamiento",55,0,"primaria",2,7
1078,"tratamiento",40,0,"terciaria",5,2
1079,"tratamiento",26,0,"terciaria",4,1
1080,"tratamiento",32,0,"secundaria",2,4
1081,"tratamiento",51,0,"secundaria",1,0
1082,"control",55,0,"secundaria",1,5
1083,"control",24,1,"terciaria",5,3
1084,"control",29,1,"secundaria",2,4
1085,"tratamiento",37,1,"secundaria",4,6
1086,"tratamiento",61,0,"secundaria",3,5
1087,"tratamiento",45,0,"primaria",3,5
1088,"tratamiento",23,0,"primaria",3,6
1089,"tratamiento",38,1,"terciaria",3,3
1090,"tratamiento",31,1,"terciaria",5,2
1091,"control",52,0,"secundaria",1,1
1092,"control",53,0,"secundaria",2,4
1093,"control",32,1,"primaria",1,1
1094,"tratamiento",57,0,"primaria",3,5
1095,"control",78,1,"secundaria",3,6
1096,"tratamiento",57,1,"terciaria",2,3
1097,"control",18,1,"terciaria",2,4
1098,"control",46,0,"secundaria",4,3
1099,"tratamiento",31,0,"terciaria",4,2
1100,"tratamiento",52,0,"secundaria",3,5
1101,"control",53,1,"secundaria",5,10
1102,"control",27,1,"secundaria",5,3
1103,"control",43,1,"secundaria",3,0
1104,"tratamiento",29,1,"terciaria",5,1
1105,"tratamiento",55,0,"terciaria",3,9
1106,"tratamiento",35,1,"secundaria",1,6
1107,"control",44,1,"secundaria",2,2
1108,"tratamiento",52,0,"terciaria",1,7
1109,"control",39,0,"primaria",2,3
1110,"control",54,0,"secundaria",3,3
1111,"control",36,0,"secundaria",3,0
1112,"control",43,1,"primaria",2,3
1113,"control",32,0,"secundaria",4,0
1114,"control",33,1,"terciaria",5,3
1115,"tratamiento",36,1,"secundaria",4,2
1116,"tratamiento",39,1,"terciaria",3,8
1117,"control",50,0,"terciaria",4,3
1118,"tratamiento",57,0,"secundaria",4,3
1119,"tratamiento",26,0,"secundaria",4,6
1120,"control",68,1,"secundaria",3,6
1121,"control",44,1,"secundaria",1,2
1122,"control",22,0,"primaria",4,2
1123,"tratamiento",29,0,"terciaria",1,7
1124,"control",33,0,"secundaria",5,3
1125,"tratamiento",36,1,"primaria",3,4
1126,"tratamiento",55,1,"secundaria",3,7
1127,"control",27,0,"secundaria",2,3
1128,"control",63,1,"secundaria",4,5
1129,"tratamiento",80,0,"primaria",4,5
1130,"control",40,1,"secundaria",3,7
1131,"tratamiento",28,0,"terciaria",3,7
1132,"control",21,1,"terciaria",3,0
1133,"tratamiento",32,0,"primaria",2,3
1134,"control",22,1,"secundaria",4,3
1135,"control",31,1,"terciaria",4,2
1136,"tratamiento",38,1,"primaria",1,8
1137,"control",47,0,"secundaria",5,3
1138,"control",41,0,"terciaria",3,2
1139,"control",51,0,"secundaria",1,1
1140,"control",26,1,"secundaria",2,4
1141,"control",44,0,"primaria",3,4
1142,"tratamiento",37,1,"secundaria",3,3
1143,"control",37,1,"terciaria",4,2
1144,"control",54,0,"terciaria",4,1
1145,"control",25,0,"secundaria",1,0
1146,"control",39,1,"secundaria",3,2
1147,"tratamiento",38,0,"terciaria",3,10
1148,"tratamiento",45,0,"terciaria",3,4
1149,"tratamiento",34,0,"primaria",4,5
1150,"control",57,0,"terciaria",4,4
1151,"tratamiento",38,1,"primaria",3,6
1152,"tratamiento",18,1,"secundaria",3,4
1153,"tratamiento",39,1,"primaria",3,7
1154,"tratamiento",47,1,"secundaria",3,4
1155,"tratamiento",48,1,"terciaria",4,6
1156,"control",30,0,"terciaria",2,7
1157,"tratamiento",46,0,"secundaria",1,5
1158,"tratamiento",56,1,"terciaria",1,5
1159,"control",52,1,"primaria",3,5
1160,"tratamiento",48,0,"terciaria",2,7
1161,"control",39,1,"secundaria",3,1
1162,"tratamiento",74,0,"primaria",1,5
1163,"control",47,0,"primaria",5,4
1164,"tratamiento",18,0,"terciaria",2,5
1165,"tratamiento",53,0,"terciaria",3,0
1166,"control",30,1,"secundaria",4,2
1167,"tratamiento",30,1,"terciaria",1,10
1168,"tratamiento",18,1,"primaria",1,6
1169,"tratamiento",21,1,"secundaria",4,4
1170,"tratamiento",26,1,"secundaria",1,6
1171,"tratamiento",29,0,"terciaria",1,5
1172,"control",18,1,"terciaria",2,0
1173,"tratamiento",21,1,"primaria",5,5
1174,"control",26,0,"terciaria",3,7
1175,"control",34,1,"secundaria",4,1
1176,"control",33,1,"secundaria",4,0
1177,"tratamiento",36,0,"terciaria",4,5
1178,"control",18,1,"secundaria",4,2
1179,"control",18,1,"primaria",2,0
1180,"control",32,0,"terciaria",4,8
1181,"control",34,1,"primaria",4,3
1182,"tratamiento",31,1,"terciaria",3,5
1183,"tratamiento",36,1,"secundaria",4,2
1184,"tratamiento",46,1,"secundaria",4,3
1185,"tratamiento",35,1,"secundaria",3,4
1186,"control",47,1,"secundaria",1,7
1187,"control",45,1,"secundaria",2,2
1188,"control",59,1,"secundaria",3,5
1189,"tratamiento",68,1,"terciaria",3,7
1190,"tratamiento",23,1,"secundaria",5,7
1191,"control",59,0,"secundaria",2,0
1192,"control",39,1,"primaria",4,3
1193,"control",55,1,"secundaria",3,5
1194,"tratamiento",50,1,"primaria",2,5
1195,"tratamiento",48,1,"secundaria",1,5
1196,"control",62,0,"secundaria",2,4
1197,"control",53,0,"terciaria",5,0
1198,"tratamiento",49,1,"secundaria",2,3
1199,"tratamiento",52,1,"secundaria",2,4
1200,"tratamiento",43,0,"terciaria",1,5
